time,v_cmd,w_cmd
0.0,0.0,0.0
0.05,0.0,0.0
0.1,0.0,0.0
0.15000000000000002,0.0,0.0
0.2,0.0,0.0
0.25,0.0,0.0
0.30000000000000004,0.0,0.0
0.35000000000000003,0.0,0.0
0.4,0.0,0.0
0.45,0.0,0.0
0.5,0.0,0.0
0.55,0.0,0.0
0.6000000000000001,0.0,0.0
0.65,0.0,0.0
0.7000000000000001,0.0,0.0
0.75,0.0,0.0
0.8,0.0,0.0
0.8500000000000001,0.0,0.0
0.9,0.0,0.0
0.9500000000000001,0.0,0.0
1.0,0.0,0.0
1.05,0.0,0.0
1.1,0.0,0.0
1.1500000000000001,0.0,0.0
1.2000000000000002,0.0,0.0
1.25,0.0,0.0
1.3,0.0,0.0
1.35,0.0,0.0
1.4000000000000001,0.0,0.0
1.4500000000000002,0.0,0.0
1.5,0.0,0.0
1.55,0.0,0.0
1.6,0.0,0.0
1.6500000000000001,0.0,0.0
1.7000000000000002,0.0,0.0
1.75,0.0,0.0
1.8,0.0,0.0
1.85,0.0,0.0
1.9000000000000001,0.0,0.0
1.9500000000000002,0.0,0.0
2.0,0.0,0.0
2.0500000000000003,0.0,0.0
2.1,0.0,0.0
2.15,0.0,0.0
2.2,0.0,0.0
2.25,0.0,0.0
2.3000000000000003,0.0,0.0
2.35,0.0,0.0
2.4000000000000004,0.0,0.0
2.45,0.0,0.0
2.5,0.0,0.0
2.5500000000000003,0.0,0.0
2.6,0.0,0.0
2.6500000000000004,0.0,0.0
2.7,0.0,0.0
2.75,0.0,0.0
2.8000000000000003,0.0,0.0
2.85,0.0,0.0
2.9000000000000004,0.0,0.0
2.95,0.0,0.0
3.0,0.0,0.0
3.0500000000000003,0.0,0.0
3.1,0.0,0.0
3.1500000000000004,0.0,0.0
3.2,0.0,0.0
3.25,0.0,0.0
3.3000000000000003,0.0,0.0
3.35,0.0,0.0
3.4000000000000004,0.0,0.0
3.45,0.0,0.0
3.5,0.0,0.0
3.5500000000000003,0.0,0.0
3.6,0.0,0.0
3.6500000000000004,0.0,0.0
3.7,0.0,0.0
3.75,0.0,0.0
3.8000000000000003,0.0,0.0
3.85,0.0,0.0
3.9000000000000004,0.0,0.0
3.95,0.0,0.0
4.0,0.0,0.0
4.05,0.0,0.0
4.1000000000000005,0.0,0.0
4.15,0.0,0.0
4.2,0.0,0.0
4.25,0.0,0.0
4.3,0.0,0.0
4.3500000000000005,0.0,0.0
4.4,0.0,0.0
4.45,0.0,0.0
4.5,0.0,0.0
4.55,0.0,0.0
4.6000000000000005,0.0,0.0
4.65,0.0,0.0
4.7,0.0,0.0
4.75,0.0,0.0
4.800000000000001,0.0,0.0
4.8500000000000005,0.0,0.0
4.9,0.0,0.0
4.95,0.0,0.0
5.0,0.0,0.0
5.050000000000001,0.0,0.0
5.1000000000000005,0.0,0.0
5.15,0.0,0.0
5.2,0.0,0.0
5.25,0.0,0.0
5.300000000000001,0.0,0.0
5.3500000000000005,0.0,0.0
5.4,0.0,0.0
5.45,0.0,0.0
5.5,0.0,0.0
5.550000000000001,0.0,0.0
5.6000000000000005,0.0,0.0
5.65,0.0,0.0
5.7,0.0,0.0
5.75,0.0,0.0
5.800000000000001,0.0,0.0
5.8500000000000005,0.0,0.0
5.9,0.0,0.0
5.95,0.0,0.0
6.0,0.004545454545454546,0.05454545454545454
6.050000000000001,0.008677685950413225,0.10413223140495867
6.1000000000000005,0.012434259954921114,0.14921111945905335
6.15,0.015849327231746466,0.1901919267809576
6.2,0.01895393384704224,0.2274472061645069
6.25,0.02177630349731113,0.26131564196773355
6.300000000000001,0.024342094088464664,0.29210512906157593
6.3500000000000005,0.02667463098951333,0.32009557187415993
6.4,0.028795119081375754,0.345541428976509
6.45,0.030722835528523413,0.3686740263422809
6.5,0.03247530502593038,0.3897036603111645
6.550000000000001,0.03406845911448216,0.4088215093737859
6.6000000000000005,0.035516781013165605,0.4262013721579872
6.65,0.036833437284696006,0.442001247416352
6.7,0.038030397531541825,0.4563647703785018
6.75,0.039118543210492566,0.4694225185259107
6.800000000000001,0.04010776655499324,0.4812931986599188
6.8500000000000005,0.04100706050453931,0.4920847260544717
6.9,0.041824600458672104,0.5018952055040652
6.95,0.04256781859879282,0.5108138231855138
7.0,0.04324347145344802,0.5189216574413762
7.050000000000001,0.04385770132131638,0.5262924158557966
7.1000000000000005,0.044416092110287624,0.5329931053234515
7.15,0.04492372010026147,0.5390846412031377
7.2,0.04538520009114679,0.5446224010937616
7.25,0.04580472735558799,0.549656728267056
7.300000000000001,0.04618611577780727,0.5542333893336873
7.3500000000000005,0.04653283252527934,0.558393990303352
7.4,0.04684802956843576,0.5621763548212291
7.45,0.0471345723349416,0.5656148680192992
7.5,0.04739506575903782,0.5687407891084538
7.550000000000001,0.04763187796276165,0.5715825355531399
7.6000000000000005,0.047847161784328775,0.5741659414119453
7.65,0.048042874349389794,0.5765144921926776
7.7,0.04822079486308163,0.5786495383569796
7.75,0.04838254078461966,0.580590489415436
7.800000000000001,0.04852958253147242,0.5823549903776691
7.8500000000000005,0.04866325684679311,0.5839590821615174
7.9,0.0487847789516301,0.5854173474195612
7.95,0.048895253592391004,0.586743043108692
8.0,0.048995685083991825,0.5879482210079018
8.05,0.04908698643999257,0.5890438372799107
8.1,0.049169987672720517,0.5900398520726461
8.15,0.04924544333883683,0.590945320066042
8.200000000000001,0.04931403939894258,0.5917684727873108
8.25,0.049376399453584165,0.5925167934430098
8.3,0.049433090412349244,0.5931970849481907
8.35,0.04948462764759022,0.5938155317710825
8.4,0.049531479679627476,0.5943777561555296
8.450000000000001,0.04957407243602498,0.5948888692322996
8.5,0.04961279312365907,0.5953535174839086
8.55,0.049647993748780976,0.5957759249853715
8.6,0.049679994317073616,0.5961599318048831
8.65,0.049709085742794194,0.5965090289135301
8.700000000000001,0.049735532493449267,0.596826389921391
8.75,0.049759574994044785,0.5971148999285373
8.8,0.049781431812767986,0.5973771817532157
8.85,0.0498013016479709,0.5976156197756507
8.9,0.049819365134519,0.5978323816142279
8.950000000000001,0.04983578648592636,0.5980294378311163
9.0,0.04985071498720579,0.5982085798464694
9.05,0.04986428635200526,0.5983714362240631
9.1,0.04987662395636842,0.598519487476421
9.15,0.049887839960334926,0.5986540795240192
9.200000000000001,0.04989803632757721,0.5987764359309266
9.25,0.049907305752342916,0.5988876690281151
9.3,0.049915732502129925,0.5989887900255592
9.35,0.04992339318375448,0.5990807182050538
9.4,0.0499303574397768,0.5991642892773217
9.450000000000001,0.04993668858161527,0.5992402629793834
9.5,0.04994244416510479,0.5993093299812576
9.55,0.04994767651373163,0.5993721181647796
9.600000000000001,0.04995243319430148,0.5994291983316179
9.65,0.04995675744936499,0.5994810893923799
9.700000000000001,0.04996068859033181,0.5995282630839817
9.75,0.0499642623548471,0.5995711482581652
9.8,0.04996751123167918,0.5996101347801501
9.850000000000001,0.04997046475607198,0.5996455770728637
9.9,0.04997314977824726,0.599677797338967
9.950000000000001,0.04997559070749751,0.59970708848997
10.0,0.04997780973408865,0.5997337168090636
10.05,0.04997982703098968,0.599757924371876
10.100000000000001,0.04998166093726335,0.59977993124716
10.15,0.049983328124784863,0.5997999374974182
10.200000000000001,0.04998484374980442,0.599818124997653
10.25,0.049986221590731295,0.5998346590887754
10.3,0.04998747417339209,0.5998496900807049
10.350000000000001,0.049988612884901897,0.5998633546188226
10.4,0.04998964807718354,0.5998757769262023
10.450000000000001,0.049990589161075946,0.5998870699329112
10.5,0.049991444691887224,0.5998973363026465
10.55,0.049992222447170206,0.5999066693660423
10.600000000000001,0.04999292949742746,0.5999151539691294
10.65,0.0499935722703886,0.5999228672446631
10.700000000000001,0.04999415660944418,0.5999298793133301
10.75,0.049994687826767435,0.5999362539212092
10.8,0.04999517075160676,0.599942049019281
10.850000000000001,0.04999560977418797,0.5999473172902555
10.9,0.04999600888562542,0.599952106627505
10.950000000000001,0.04999637171420493,0.599956460570459
11.0,0.04999670155836812,0.5999604187004173
11.05,0.04999700141669829,0.5999640170003794
11.100000000000001,0.04999727401518027,0.599967288182163
11.15,0.04999752183198206,0.5999702619837846
11.200000000000001,0.04999774711998369,0.5999729654398042
11.25,0.0499979519272579,0.5999754231270947
11.3,0.049998138115689005,0.5999776573882679
11.350000000000001,0.04999830737789909,0.599979688534789
11.4,0.04999846125263554,0.5999815350316263
11.450000000000001,0.049998601138759584,0.5999832136651149
11.5,0.04999872830796326,0.599984739695559
11.55,0.049998843916330235,0.5999861269959628
11.600000000000001,0.04999894901484567,0.599987388178148
11.65,0.04999904455895061,0.5999885347074073
11.700000000000001,0.049999131417227824,0.5999895770067339
11.75,0.04999921037929802,0.5999905245515763
11.8,0.0499992821629982,0.5999913859559785
11.850000000000001,0.049999347420907454,0.5999921690508895
11.9,0.04999940674627951,0.5999928809553541
11.950000000000001,0.049999460678435914,0.599993528141231
12.0,0.06545405516221448,0.4909032074011191
12.05,0.07950368651110407,0.3917301885464719
12.100000000000001,0.09227607864645825,0.3015728986786108
12.15,0.10388734422405295,0.21961172607146437
12.200000000000001,0.1144430402036845,0.1451015691558767
12.25,0.124039127457895,0.0773650628689788
12.3,0.13276284314354092,0.01578642078998073
12.350000000000001,0.1406934937668554,-0.040194162918199335
12.4,0.14790317615168672,-0.09108560265290849
12.450000000000001,0.15445743286516975,-0.13735054786628045
12.5,0.16041584805924522,-0.17940958896934586
12.55,0.1658325891447684,-0.2176450808812235
12.600000000000001,0.17075689922251672,-0.25240461898293043
12.65,0.17523354474774247,-0.2840041990753913
12.700000000000001,0.1793032224979477,-0.31273109006853755
12.75,0.18300292954358882,-0.33884644551685233
12.8,0.18636629958508075,-0.36258767774259304
12.850000000000001,0.18942390871370976,-0.38417061612963005
12.9,0.1922035533760998,-0.4037914692087546
12.950000000000001,0.19473050306918163,-0.42162860837159505
13.0,0.1970277300628924,-0.4378441894287228
13.05,0.19911611823899308,-0.4525856267533843
13.100000000000001,0.20101465294453916,-0.46598693341216757
13.15,0.20274059358594468,-0.4781699394656069
13.200000000000001,0.20430963053267698,-0.48924539951418805
13.25,0.20573602775697908,-0.49931399955835276
13.3,0.20703275250634462,-0.5084672723257753
13.350000000000001,0.20821159318758603,-0.5167884293870684
13.4,0.20928326653416912,-0.5243531176246076
13.450000000000001,0.21025751503106282,-0.5312301069314614
13.5,0.21114319548278437,-0.5374819153922377
13.55,0.21194835952980398,-0.543165377629307
13.600000000000001,0.21268032684527635,-0.5483321614811881
13.65,0.21334575167752395,-0.553029237710171
13.700000000000001,0.2139506833432036,-0.5572993070092463
13.75,0.2145006212210942,-0.561181188190224
13.8,0.21500056474644927,-0.5647101710820218
13.850000000000001,0.21545505886040842,-0.5679183373472926
13.9,0.21586823532764401,-0.5708348521339024
13.950000000000001,0.2162438502978582,-0.5734862292126386
14.0,0.21658531845259837,-0.5758965720114896
14.05,0.2168957440478167,-0.5780877927377178
14.100000000000001,0.21717794913437882,-0.5800798115797434
14.15,0.21743449921307165,-0.5818907377997667
14.200000000000001,0.21766772655733785,-0.5835370343634243
14.25,0.21787975141576169,-0.585033667603113
14.3,0.21807250128705608,-0.5863942432755573
14.350000000000001,0.21824772844277826,-0.5876311302505066
14.4,0.21840702585707114,-0.588755572955006
14.450000000000001,0.21855184168824648,-0.58977779359546
14.5,0.21868349244386043,-0.5907070850867818
14.55,0.21880317494896404,-0.591551895533438
14.600000000000001,0.21891197722633093,-0.5923199050303982
14.65,0.21901088838757357,-0.5930180954821802
14.700000000000001,0.2191008076250669,-0.5936528140747093
14.75,0.21918255238642445,-0.5942298309770084
14.8,0.21925686580584042,-0.5947543917972804
14.850000000000001,0.21932442345985492,-0.5952312652702549
14.9,0.219385839508959,-0.5956647866093226
14.950000000000001,0.21944167228087183,-0.5960588969175661
15.0,0.21949242934624713,-0.5964171790159691
15.05,0.21953857213295194,-0.5967428900145174
15.100000000000001,0.2195805201208654,-0.5970389909222885
15.15,0.21961865465533217,-0.5973081735657169
15.200000000000001,0.21965332241393834,-0.5975528850597426
15.25,0.21968483855812576,-0.5977753500543115
15.3,0.21971348959829615,-0.597977590958465
15.350000000000001,0.21973953599845103,-0.5981614463258773
15.4,0.2197632145440464,-0.5983285875689793
15.450000000000001,0.21978474049458763,-0.5984805341536176
15.5,0.2198043095405342,-0.5986186674123796
15.55,0.2198220995823038,-0.5987442431021632
15.600000000000001,0.2198382723475489,-0.5988584028201484
15.65,0.2198529748614081,-0.598962184381953
15.700000000000001,0.21986634078309827,-0.599056531256321
15.75,0.21987849162099843,-0.59914230114211
15.8,0.2198895378372713,-0.5992202737655545
15.850000000000001,0.21989957985206482,-0.5992911579686859
15.9,0.21990870895642256,-0.5993555981533508
15.950000000000001,0.21991700814220233,-0.5994141801394098
16.0,0.21992455285654758,-0.5994674364903726
16.05,0.21993141168777053,-0.5995158513548842
16.1,0.2199376469888823,-0.5995598648680766
16.150000000000002,0.21994331544443846,-0.5995998771527968
16.2,0.21994846858585315,-0.599636251957088
16.25,0.2199531532598665,-0.5996693199609892
16.3,0.2199574120544241,-0.5996993817827174
16.35,0.2199612836858401,-0.5997267107115613
16.400000000000002,0.2199648033507637,-0.5997515551923284
16.45,0.21996800304614883,-0.5997741410839349
16.5,0.2199709118601353,-0.599794673712668
16.55,0.21997355623648662,-0.5998133397387891
16.6,0.21997596021498783,-0.5998303088534447
16.650000000000002,0.21997814564998894,-0.5998457353213134
16.7,0.21998013240908085,-0.5998597593830122
16.75,0.21998193855370987,-0.5998725085300111
16.8,0.2199835805033726,-0.5998840986636464
16.85,0.2199850731848842,-0.5998946351487695
16.900000000000002,0.21998643016807654,-0.5999042137716086
16.95,0.2199876637891605,-0.5999129216105533
17.0,0.21998878526287316,-0.5999208378277757
17.05,0.21998980478443014,-0.599928034388887
17.1,0.21999073162220922,-0.59993457671717
17.150000000000002,0.21999157420200838,-0.5999405242883363
17.2,0.21999234018364397,-0.5999459311712149
17.25,0.21999303653058544,-0.5999508465192862
17.3,0.2199936695732595,-0.599955315017533
17.35,0.21999424506659954,-0.5999593772886663
17.400000000000002,0.21999476824236322,-0.5999630702624239
17.45,0.21999524385669383,-0.5999664275112945
17.5,0.21999567623335803,-0.5999694795557222
17.55,0.21999606930305277,-0.5999722541415656
17.6,0.21999642663913888,-0.5999747764923324
17.650000000000002,0.21999675149012626,-0.5999770695384841
17.7,0.2199970468092057,-0.5999791541258946
17.75,0.2199973152810961,-0.5999810492053588
17.8,0.219997559346451,-0.5999827720048716
17.85,0.21999778122404634,-0.5999843381862469
17.900000000000002,0.2199979829309512,-0.5999857619874971
17.95,0.21999816630086474,-0.5999870563522701
18.0,0.18363469663714976,-0.5454427785020638
18.05,0.15057699694286342,-0.49585707136551255
18.1,0.12052454267533039,-0.4507791557868296
18.150000000000002,0.09320412970484582,-0.40979923253348144
18.2,0.06836739064076892,-0.3725447568486195
18.25,0.04578853694615357,-0.33867705168056317
18.3,0.025262306314685064,-0.307888228800512
18.35,0.006602096649713694,-0.27989838981864723
18.400000000000002,-0.010361730318442095,-0.25445308165331565
18.45,-0.02578339119858372,-0.23132098332119605
18.5,-0.039803082907803385,-0.21029180301926914
18.55,-0.052548257188912165,-0.19117436638115376
18.6,-0.06413477926264742,-0.1737948785283216
18.650000000000002,-0.07466798114786129,-0.157995344116656
18.7,-0.08424361922532844,-0.14363213101514183
18.75,-0.09294874475029859,-0.13057466455921984
18.8,-0.10086249522754417,-0.11870424050838167
18.85,-0.10805681384322198,-0.1079129459167106
18.900000000000002,-0.11459710349383816,-0.09810267810610054
18.95,-0.1205428213580347,-0.08918425282372777
19.0,-0.12594801941639516,-0.08107659347611615
19.05,-0.1308618358330865,-0.07370599406919649
19.1,-0.13532894166644227,-0.067005449153815
19.150000000000002,-0.13938994696949297,-0.06091404468528636
19.200000000000003,-0.14308176997226635,-0.05537640425935124
19.25,-0.14643797270206033,-0.050342185690319306
19.3,-0.14948906609278212,-0.045765623354835736
19.35,-0.15226278735707466,-0.04160511214075976
19.400000000000002,-0.15478435214279515,-0.037822829218872506
19.450000000000003,-0.15707668376617742,-0.034384390198975004
19.5,-0.15916062160561584,-0.03125853654452273
19.55,-0.16105511055055985,-0.02841685140411157
19.6,-0.16277737322778169,-0.025833501276465064
19.650000000000002,-0.16434306657071063,-0.023485001160422785
19.700000000000003,-0.16576642415519147,-0.021350001054929804
19.75,-0.1670603855956286,-0.019409091868118004
19.8,-0.1682367141778442,-0.017644628971016367
19.85,-0.16930610379804018,-0.01604057179183306
19.900000000000002,-0.17027827618003652,-0.01458233799257551
19.950000000000003,-0.17116206925457866,-0.013256670902341373
20.0,-0.17196551750416242,-0.012051519002128521
20.05,-0.17269592500378403,-0.010955926365571383
20.1,-0.17335993182162185,-0.009959933059610349
20.150000000000002,-0.1739635743832926,-0.009054484599645772
20.200000000000003,-0.17451234034844781,-0.00823134963604161
20.25,-0.17501121849858892,-0.007483045123674191
20.3,-0.17546474408962628,-0.0068027682942492645
20.35,-0.17587704008147845,-0.006184334812953877
20.400000000000002,-0.17625185461952586,-0.0056221225572307965
20.450000000000003,-0.17659259510865988,-0.0051110205065734516
20.5,-0.1769023591896908,-0.004646382278703138
20.55,-0.1771839628997189,-0.004223983889730125
20.6,-0.17743996627247174,-0.0038399853543001137
20.650000000000002,-0.17767269661133794,-0.003490895776636467
20.700000000000003,-0.17788426964667087,-0.003173541615124061
20.75,-0.1780766087697008,-0.0028850378319309642
20.8,-0.17825146251790983,-0.0026227616653917854
20.85,-0.1784104204708271,-0.002384328786719805
20.900000000000002,-0.17855492770075193,-0.0021675716242907316
20.950000000000003,-0.17868629790977447,-0.0019705196584461197
21.0,-0.17880572537252223,-0.0017913815076782906
21.05,-0.17891429579320203,-0.0016285286433439005
21.1,-0.1790129961756382,-0.0014804805848580914
21.150000000000002,-0.17910272379603473,-0.001345891440780083
21.200000000000003,-0.17918429436003158,-0.0012235376734364392
21.25,-0.17925844941821054,-0.0011123069758513084
21.3,-0.17932586310746412,-0.0010111881598648257
21.35,-0.17938714827951283,-0.0009192619635134779
21.400000000000002,-0.17944286207228438,-0.0008356926941031617
21.450000000000003,-0.17949351097480398,-0.0007597206310028743
21.5,-0.17953955543164,-0.000690655119093522
21.55,-0.17958141402876363,-0.00062786829008502
21.6,-0.179619467298876,-0.0005707893546227454
21.650000000000002,-0.17965406118079638,-0.0005188994132934049
21.700000000000003,-0.17968551016436035,-0.0004717267393576408
21.75,-0.1797141001494185,-0.000428842490325128
21.8,-0.17974009104492591,-0.00038985680938648
21.85,-0.17976371913175082,-0.00035441528126043634
21.900000000000002,-0.17978519921068256,-0.0003221957102367603
21.950000000000003,-0.17980472655516597,-0.00029290519112432756
22.0,-0.17982247868651452,-0.0002662774464766614
22.05,-0.17983861698774048,-0.000242070405887874
22.1,-0.17985328817067317,-0.00022006400535261273
22.150000000000002,-0.17986662560970287,-0.0002000581866841934
22.200000000000003,-0.17987875055427535,-0.00018187107880381217
22.25,-0.1798897732311594,-0.00016533734436710197
22.3,-0.17989979384650853,-0.0001503066766973654
22.35,-0.17990890349682595,-0.00013664243336124128
22.400000000000002,-0.1799171849971145,-0.0001242203939647648
22.450000000000003,-0.17992471363374046,-0.00011292763087705891
22.5,-0.17993155784885498,-0.0001026614826155081
22.55,-0.17993777986259543,-9.332862055955283e-05
22.6,-0.1799434362387231,-8.484420050868438e-05
22.650000000000002,-0.17994857839883918,-7.713109137153125e-05
22.700000000000003,-0.1799532530898538,-7.011917397411931e-05
22.75,-0.179957502808958,-6.374470361283574e-05
22.8,-0.1799613661899618,-5.79497305571234e-05
22.85,-0.17996487835451072,-5.268157323374855e-05
22.900000000000002,-0.17996807123137337,-4.7892339303407766e-05
22.950000000000003,-0.17997097384670308,-4.3538490275825243e-05
23.0,-0.1799736125879119,-3.958044570529568e-05
23.05,-0.17997601144355627,-3.5982223368450617e-05
23.1,-0.17997819222141478,-3.271111215313692e-05
23.150000000000002,-0.17998017474674072,-2.9737374684669928e-05
23.200000000000003,-0.17998197704249155,-2.703397698606357e-05
23.25,-0.17998361549317413,-2.4576342714603244e-05
23.3,-0.17998510499379466,-2.2342129740548404e-05
23.35,-0.17998645908526786,-2.0311027036862186e-05
23.400000000000002,-0.17998769007751625,-1.8464570033511077e-05
23.450000000000003,-0.1799888091613784,-1.6785972757737343e-05
23.5,-0.179989826510344,-1.5259975234306675e-05
23.55,-0.17999075137304002,-1.3872704758460614e-05
23.6,-0.17999159215730912,-1.261154978041874e-05
23.650000000000002,-0.17999235650664466,-1.1465045254926127e-05
23.700000000000003,-0.17999305136967697,-1.0422768413569205e-05
23.75,-0.1799936830633427,-9.475244012335641e-06
23.8,-0.17999425733031155,-8.6138581930324e-06
23.85,-0.17999477939119232,-7.830780175484e-06
23.900000000000002,-0.179995253991993,-7.118891068621818e-06
23.950000000000003,-0.17999568544726638,-6.4717191532925615e-06
24.0,-0.14999607767933307,0.08181229843713338
24.05,-0.12272370698121188,0.15619299857921215
24.1,-0.09793064271019261,0.22381181689019286
24.150000000000002,-0.07539149337290238,0.28528346990017533
24.200000000000003,-0.054901357611729436,0.3411667908183412
24.25,-0.03627396146520857,0.3919698098348557
24.3,-0.01933996496837143,0.4381543725771415
24.35,-0.003945422698519482,0.4801403387064923
24.400000000000002,0.010049615728618651,0.5183093988240839
24.450000000000003,0.022772377935107863,0.5530085443855308
24.5,0.0343385253955526,0.5845532221686643
24.55,0.044853204905047815,0.613230201971513
24.6,0.054412004459134376,0.6393001836104664
24.650000000000002,0.0631018222355767,0.6630001669186057
24.700000000000003,0.071001656577797,0.6845456062896416
24.75,0.07818332416163364,0.7041323693542196
24.8,0.08471211287421239,0.7219385175947451
24.85,0.09064737534019308,0.738125925086132
24.900000000000002,0.09604306849108463,0.7528417500783018
24.950000000000003,0.1009482440828042,0.7662197727984562
25.0,0.1054074946207311,0.7783816116349602
25.05,0.10946135874611918,0.7894378287590548
25.1,0.11314668976919925,0.7994889352355043
25.150000000000002,0.11649699069927205,0.8086263047595494
25.200000000000003,0.11954271881752004,0.8169330043268631
25.25,0.12231156256138186,0.8244845493880574
25.3,0.12482869323761987,0.8313495903527794
25.35,0.1271169938523817,0.8375905366843449
25.400000000000002,0.12919726713852883,0.8432641242584954
25.450000000000003,0.13108842467138984,0.8484219311440867
25.5,0.13280765879217257,0.8531108464946243
25.55,0.13437059890197506,0.8573734968132949
25.6,0.13579145354725006,0.8612486334666317
25.650000000000002,0.13708313958840915,0.8647714849696652
25.700000000000003,0.1382573996258265,0.8679740772451502
25.75,0.13932490875075138,0.8708855247683184
25.8,0.14029537159159217,0.8735322952439258
25.85,0.14117761053781105,0.8759384502217508
25.900000000000002,0.1419796459434646,0.8781258638379552
25.950000000000003,0.14270876903951327,0.8801144216708684
26.0,0.14337160821773934,0.8819222015189713
26.05,0.14397418928885394,0.8835656377445193
26.1,0.1445219902625945,0.8850596706768358
26.150000000000002,0.14501999114781317,0.8864178824334871
26.200000000000003,0.1454727192252847,0.8876526203940791
26.25,0.14588429020480428,0.8887751094491628
26.3,0.14625844564073118,0.8897955540446935
26.35,0.14659858694611924,0.8907232309497213
26.400000000000002,0.14690780631465386,0.8915665735906557
26.450000000000003,0.1471889148315035,0.892333248718778
26.5,0.14744446802863956,0.89303022610798
26.55,0.14767678911694504,0.8936638419163454
26.6,0.14788799010631368,0.8942398562875867
26.650000000000002,0.1480799910057397,0.894763505715988
26.700000000000003,0.1482545372779452,0.8952395506508981
26.75,0.1484132157072229,0.8956723187735437
26.8,0.1485574688247481,0.8960657443395852
26.85,0.14868860802249828,0.8964234039450775
26.900000000000002,0.14880782547499843,0.8967485490409796
26.950000000000003,0.14891620497727132,0.8970441354917996
27.0,0.14901473179751937,0.8973128504470905
27.05,0.1491043016341085,0.8975571367700823
27.1,0.14918572875828046,0.8977792152455294
27.150000000000002,0.1492597534166186,0.8979811047686631
27.200000000000003,0.14932704856056236,0.8981646406987847
27.25,0.1493882259641476,0.8983314915443497
27.3,0.14944384178558873,0.8984831741312269
27.35,0.14949440162326247,0.8986210673920245
27.400000000000002,0.1495403651120568,0.8987464249018404
27.450000000000003,0.14958215010186982,0.8988603862744003
27.5,0.14962013645624528,0.8989639875221821
27.55,0.14965466950567752,0.899058170474711
27.6,0.14968606318697955,0.8991437913406464
27.650000000000002,0.14971460289725413,0.8992216284914967
27.700000000000003,0.14974054808841286,0.8992923895377243
27.75,0.14976413462582988,0.8993567177615676
27.8,0.1497855769325726,0.8994151979650614
27.85,0.14980506993870238,0.8994683617864194
27.900000000000002,0.1498227908533658,0.8995166925331086
27.950000000000003,0.1498389007757871,0.8995606295755533
28.0,0.14985354615980645,0.8996005723414121
28.05,0.14986686014527859,0.8996368839467382
28.1,0.14987896376843507,0.8996698944970347
28.150000000000002,0.1498899670622137,0.8996999040882134
28.200000000000003,0.1498999700565579,0.8997271855347395
28.25,0.1499090636877799,0.8997519868497632
28.3,0.14991733062525445,0.8997745334997848
28.35,0.14992484602295858,0.8997950304543498
28.400000000000002,0.14993167820268963,0.899813664049409
28.450000000000003,0.14993788927517238,0.8998306036812809
28.5,0.14994353570470215,0.899846003346619
28.55,0.1499486688224565,0.8998600030423809
28.6,0.14995333529314228,0.8998727300385281
28.650000000000002,0.14995757753922026,0.8998843000350255
28.700000000000003,0.14996143412656388,0.8998948182136596
28.75,0.14996494011505807,0.899904380194236
28.8,0.1499681273773255,0.8999130729038509
28.85,0.14997102488847774,0.8999209753671372
28.900000000000002,0.14997365898952522,0.8999281594246702
28.950000000000003,0.1499760536268411,0.8999346903860638
29.0,0.14997823056985554,0.8999406276236943
29.05,0.14998020960895958,0.8999460251124494
29.1,0.1499820087354178,0.8999509319204085
29.150000000000002,0.14998364430492528,0.8999553926549169
29.200000000000003,0.1499851311862957,0.8999594478681062
29.25,0.14998648289663244,0.8999631344255511
29.3,0.1499877117242113,0.89996648584141
29.35,0.1499888288401921,0.8999695325831001
29.400000000000002,0.14998984440017463,0.8999723023482729
29.450000000000003,0.1499907676365224,0.8999748203166117
29.5,0.14999160694229308,0.8999771093787379
29.55,0.14999236994753917,0.8999791903443072
29.6,0.14999306358867198,0.8999810821311883
29.650000000000002,0.14999369417151998,0.899982801937444
29.700000000000003,0.14999426742865452,0.8999843653976763
29.75,0.1499947885715041,0.8999857867251603
29.8,0.149995262337731,0.8999870788410548
29.85,0.1499956930343009,0.899988253491868
29.900000000000002,0.14999608457663718,0.8999893213562435
29.950000000000003,0.14999644052421562,0.8999902921420396
30.0,0.13636040047655965,0.7363548110382179
30.05,0.12396400043323604,0.5875952827620162
30.1,0.11269454584839639,0.4523593479654693
30.150000000000002,0.1024495871349058,0.32941758905951757
30.200000000000003,0.09313598830445982,0.2176523536904705
30.25,0.08466908027678166,0.1160475942640641
30.3,0.0769718911607106,0.023679631149149172
30.35,0.0699744465097369,-0.0602912444098644
30.400000000000002,0.06361313319066991,-0.13662840400896764
30.450000000000003,0.057830121082427195,-0.20602582182633422
30.5,0.052572837347661085,-0.26911438347848565
30.55,0.04779348849787371,-0.32646762134407786
30.6,0.043448625907157916,-0.37860692849461625
30.650000000000002,0.03949875082468901,-0.4260062986314693
30.700000000000003,0.03590795529517183,-0.4690966351195176
30.75,0.03264359572288348,-0.5082696682904706
30.8,0.029675996111712254,-0.5438815166277006
30.85,0.026978178283374777,-0.5762559242070006
30.900000000000002,0.024525616621249798,-0.605687203824546
30.950000000000003,0.02229601511022709,-0.6324429125677691
31.0,0.020269104645660993,-0.6567662841525174
31.05,0.01842645876878272,-0.6788784401386522
31.1,0.01675132615343884,-0.6989804001260475
31.150000000000002,0.015228478321308034,-0.7172549092054977
31.200000000000003,0.013844071201189122,-0.7338680992777252
31.25,0.012585519273808292,-0.7489709993433866
31.3,0.011441381158007538,-0.7627009084939879
31.35,0.01040125559818867,-0.7751826440854435
31.400000000000002,0.009455686907444246,-0.7865296764413122
31.450000000000003,0.008596079006767496,-0.7968451604011929
31.5,0.007814617278879542,-0.8062228730919936
31.55,0.007104197526254129,-0.8147480664472669
31.6,0.006458361387503754,-0.8224982422247882
31.650000000000002,0.005871237625003412,-0.8295438565679892
31.700000000000003,0.005337488750003102,-0.8359489605163538
31.75,0.00485226250000282,-0.8417717822875944
31.8,0.004411147727275291,-0.8470652566250858
31.85,0.004010134297522992,-0.8518775060228053
31.900000000000002,0.0036455766341118106,-0.8562522782025503
31.950000000000003,0.003314160576465282,-0.8602293438205003
32.0,0.0030128732513320746,-0.8638448580186366
32.050000000000004,0.0027389756830291587,-0.8671316891078515
32.1,0.0024899778936628716,-0.8701197173707741
32.15,0.002263616266966247,-0.8728361067007038
32.2,0.0020578329699693153,-0.8753055515460944
32.25,0.0018707572454266502,-0.8775505014055404
32.300000000000004,0.0017006884049333183,-0.8795913649141276
32.35,0.0015460803681211985,-0.8814466953764797
32.4,0.0014055276073829076,-0.8831333594331634
32.45,0.0012777523703480977,-0.8846666903937849
32.5,0.0011615930639528162,-0.8860606276307135
32.550000000000004,0.0010559936945025601,-0.8873278433006486
32.6,0.0009599942677296001,-0.8884798575460442
32.65,0.0008727220615723638,-0.8895271432236765
32.7,0.0007933836923385125,-0.8904792211124333
32.75,0.0007212579021259205,-0.8913447464658484
32.800000000000004,0.000655689001932655,-0.8921315876962258
32.85,0.0005960809108478682,-0.8928468979056599
32.9,0.0005418917371344256,-0.8934971799142363
32.95,0.0004926288519403869,-0.8940883453765784
33.0,0.00044784441085489717,-0.8946257685241622
33.050000000000004,0.00040713128259536104,-0.8951143350219657
33.1,0.00037011934781396456,-0.8955584863836051
33.15,0.0003364721343763314,-0.8959622603487319
33.2,0.00030588375852393763,-0.8963293275897564
33.25,0.00027807614411267057,-0.8966630250815967
33.300000000000004,0.00025279649464788234,-0.8969663864378151
33.35,0.00022981499513443848,-0.8972421694889229
33.4,0.00020892272284948952,-0.8974928813535663
33.45,0.00018992974804499048,-0.8977208012305148
33.5,0.00017266340731362771,-0.8979280011186498
33.550000000000004,0.00015696673392147974,-0.898116364653318
33.6,0.00014269703083770886,-0.8982876042302891
33.65,0.00012972457348882623,-0.8984432765729901
33.7,0.00011793143044438748,-0.8985847968845364
33.75,0.00010721039131307953,-0.8987134517132149
33.800000000000004,9.746399210279957e-05,-0.8988304106483772
33.85,8.860362918436324e-05,-0.8989367369530702
33.9,8.054875380396658e-05,-0.8990333972300638
33.95,7.32261398217878e-05,-0.8991212702091489
34.0,6.656921801980709e-05,-0.8992011547355899
34.050000000000004,6.051747092709735e-05,-0.8992737770323544
34.1,5.501588266099759e-05,-0.8993397973021404
34.15,5.001443878272508e-05,-0.8993998157292186
34.2,4.546767162065916e-05,-0.8994543779356532
34.25,4.133424692787197e-05,-0.8995039799415029
34.300000000000004,3.7576588116247245e-05,-0.8995490726740936
34.35,3.4160534651133856e-05,-0.8995900660673578
34.4,3.105503150103078e-05,-0.8996273327885072
34.45,2.823184681911889e-05,-0.8996612116259156
34.5,2.566531529010808e-05,-0.8996920105690142
34.550000000000004,2.3332104809189163e-05,-0.8997200096081946
34.6,2.1211004371990147e-05,-0.8997454632801769
34.65,1.928273124726377e-05,-0.899768602981979
34.7,1.75297556793307e-05,-0.8997896390745264
34.75,1.5936141526664274e-05,-0.899808762795024
34.800000000000004,1.4487401387876613e-05,-0.8998261479954763
34.85,1.3170364898069647e-05,-0.8998419527231603
34.9,1.1973058998245134e-05,-0.8998563206574184
34.95,1.0884599089313757e-05,-0.8998693824158349
35.0,9.895090081194324e-06,-0.8998812567416681
35.050000000000004,8.995536437449385e-06,-0.8998920515833346
35.1,8.17776039768126e-06,-0.8999018650757588
35.15,7.434327634255691e-06,-0.899910786432508
35.2,6.758479667505174e-06,-0.8999188967568255
35.25,6.144072425004703e-06,-0.8999262697789322
35.300000000000004,5.5855203863679115e-06,-0.899932972526302
35.35,5.077745805789011e-06,-0.8999390659330018
35.4,4.616132550717282e-06,-0.899944605393638
35.45,4.196484137015711e-06,-0.8999496412669437
35.5,3.8149855791051915e-06,-0.8999542193335851
35.550000000000004,3.468168708277447e-06,-0.8999583812123501
35.6,3.152880643888588e-06,-0.8999621647385001
35.65,2.8662551308078073e-06,-0.8999656043077273
35.7,2.605686482552552e-06,-0.899968731188843
35.75,2.3688058932295927e-06,-0.8999715738080392
35.800000000000004,2.1534599029359932e-06,-0.8999741580073083
35.85,1.957690820850903e-06,-0.8999765072793712
35.9,1.7797189280462755e-06,-0.8999786429812465
35.95,1.6179262982238868e-06,-0.8999805845284059
36.0,0.020001470842089298,-0.8181641677530963
36.050000000000004,0.03818315531099027,-0.7437856070482693
36.1,0.05471195937362752,-0.6761687336802449
36.15,0.06973814488511593,-0.6146988488002226
36.2,0.08339831353192358,-0.5588171352729296
36.25,0.09581664866538507,-0.5080155775208451
36.300000000000004,0.10710604424125916,-0.4618323432007683
36.35,0.11736913112841742,-0.4198475847279712
36.4,0.1266992101167431,-0.3816796224799738
36.45,0.13518110010613008,-0.3469814749817943
36.5,0.14289190918739098,-0.31543770452890396
36.550000000000004,0.1499017356249009,-0.2867615495717309
36.6,0.15627430511354626,-0.26069231779248264
36.65,0.16206755010322388,-0.23699301617498422
36.7,0.16733413645747625,-0.21544819652271294
36.75,0.17212194223406932,-0.19586199683882993
36.800000000000004,0.176474492940063,-0.17805636076257267
36.85,0.1804313572182391,-0.16186941887506606
36.9,0.18402850656203557,-0.14715401715915097
36.95,0.18729864232912324,-0.1337763792355918
37.0,0.19027149302647567,-0.12161489021417436
37.050000000000004,0.19297408456952334,-0.11055899110379487
37.1,0.19543098597229394,-0.10050817373072261
37.15,0.1976645327020854,-0.09137106702792964
37.2,0.19969502972916853,-0.08306460638902695
37.25,0.20154093611742593,-0.07551327853547904
37.300000000000004,0.20321903283402357,-0.06864843503225367
37.35,0.20474457530365778,-0.062407668211139695
37.4,0.20613143209423435,-0.056734243828308814
37.45,0.2073922109947585,-0.051576585298462554
37.5,0.20853837363159863,-0.04688780481678414
37.550000000000004,0.20958033966508965,-0.0426252771061674
37.6,0.21052758151371787,-0.038750251914697637
37.65,0.21138871046701624,-0.035227501740634215
37.7,0.21217155497001478,-0.03202500158239474
37.75,0.21288323179092253,-0.029113637802177038
37.800000000000004,0.21353021071902048,-0.02646694345652458
37.85,0.2141183733809277,-0.024060857687749616
37.9,0.21465306670993428,-0.021873506988863287
37.95,0.2151391515544857,-0.019885006353512077
38.0,0.2155810468677143,-0.0180772785031928
38.050000000000004,0.21598276987974027,-0.01643388954835709
38.1,0.2163479726179457,-0.014939899589415535
38.15,0.21667997510722337,-0.013581726899468669
38.2,0.21698179555202124,-0.012347024454062426
38.25,0.21725617777456477,-0.011224567685511297
38.300000000000004,0.21750561615869524,-0.010204152441373905
38.35,0.21773237832608658,-0.009276502219430823
38.400000000000006,0.2179385257509878,-0.008433183835846203
38.45,0.21812593250089798,-0.007666530759860185
38.5,0.21829630227354363,-0.006969573418054713
38.550000000000004,0.21845118388503967,-0.006335975834595194
38.6,0.21859198535003607,-0.0057599780314501765
38.650000000000006,0.21871998668185097,-0.005236343664954706
38.7,0.21883635152895542,-0.004760312422686096
38.75,0.21894213775359583,-0.004327556747896451
38.800000000000004,0.21903830704872349,-0.003934142498087683
38.85,0.2191257336806577,-0.0035764931800797116
38.900000000000006,0.21920521243696156,-0.0032513574364361015
38.95,0.21927746585178323,-0.002955779487669183
39.0,0.2193431507743484,-0.002687072261517439
39.050000000000004,0.21940286434031672,-0.0024427929650158537
39.1,0.21945714940028793,-0.00222072087728714
39.150000000000006,0.2195064994548072,-0.002018837161170127
39.2,0.21955136314073384,-0.001835306510154661
39.25,0.21959214830975804,-0.0016684604637769646
39.300000000000004,0.21962922573614369,-0.0015167822397972406
39.35,0.21966293248740335,-0.0013788929452702187
39.400000000000006,0.2196935749885485,-0.0012535390411547442
39.45,0.21972143180777137,-0.001139580946504313
39.5,0.21974675618888306,-0.0010359826786402846
39.550000000000004,0.21976977835353007,-0.0009418024351275314
39.6,0.21979070759411823,-0.0008561840319341195
39.650000000000006,0.21980973417647112,-0.0007783491199401086
39.7,0.2198270310695192,-0.0007075901090364624
39.75,0.21984275551774474,-0.0006432637354876931
39.800000000000004,0.21985705047067702,-0.0005847852140797211
39.85,0.21987004588243367,-0.0005316229218906555
39.900000000000006,0.2198818598931215,-0.0004832935653551414
39.95,0.21989259990283774,-0.00043935778668649213
40.0,0.2199023635480343,-0.00039941616971499286
40.050000000000004,0.2199112395891221,-0.0003631056088318117
40.1,0.21991930871738372,-0.00033009600802891975
40.150000000000006,0.21992664428853065,-0.00030008728002629066
40.2,0.2199333129895733,-0.00027280661820571877
40.25,0.21993937544506664,-0.0002480060165506534
40.300000000000004,0.2199448867682424,-0.00022546001504604855
40.35,0.21994989706203855,-0.0002049636500418623
40.400000000000006,0.2199544518745805,-0.00018633059094714754
40.45,0.21995859261325498,-0.00016939144631558867
40.5,0.21996235692114088,-0.00015399222392326243
40.550000000000004,0.219965779019219,-0.00013999293083932947
40.6,0.2199688900174718,-0.0001272663007630268
40.650000000000006,0.21997171819770164,-0.00011569663705729709
40.7,0.21997428927063786,-0.00010517876096117918
40.75,0.2199766266096708,-9.56170554192538e-05
40.800000000000004,0.2199787514633371,-8.692459583568527e-05
40.85,0.21998068314848826,-7.902235985062298e-05
40.900000000000006,0.2199824392258984,-7.183850895511179e-05
40.95,0.21998403565990765,-6.5307735413738e-05
41.0,0.2199854869635524,-5.937066855794363e-05
41.050000000000004,0.2199868063305022,-5.3973335052676026e-05
41.1,0.219988005755002,-4.906666822970548e-05
41.150000000000006,0.2199890961409109,-4.460606202700498e-05
41.2,0.2199900874008281,-4.055096547909543e-05
41.25,0.21999098854620736,-3.6864514071904936e-05
41.300000000000004,0.2199918077692794,-3.351319461082267e-05
41.35,0.21999255251752672,-3.0466540555293336e-05
41.400000000000006,0.21999322956138792,-2.7696855050266668e-05
41.45,0.2199938450558072,-2.517895913660606e-05
41.5,0.21999440459618838,-2.2889962851460055e-05
41.550000000000004,0.21999491326926215,-2.0809057137690958e-05
41.6,0.21999537569932923,-1.8917324670628143e-05
41.650000000000006,0.2199957960902993,-1.719756788238922e-05
41.7,0.21999617826390844,-1.5634152620353838e-05
41.75,0.2199965256944622,-1.4212866018503488e-05
41.800000000000004,0.21999684154042018,-1.2920787289548626e-05
41.85,0.21999712867310925,-1.1746170263226023e-05
41.900000000000006,0.2199973897028266,-1.0678336602932747e-05
41.95,0.21999762700256964,-9.70757872993886e-06
42.0,0.17999784272960878,0.04544572038297279
42.050000000000004,0.14363440248146253,0.08676883671179345
42.1,0.1105767295286023,0.1243353061016304
42.150000000000006,0.08052429957145664,0.1584866419105731
42.2,0.053203908701324215,0.18953331082779373
42.25,0.028367189728476558,0.21775755529799432
42.300000000000004,0.005788354298615052,0.243415959361813
42.35,-0.014737859728531772,0.26674178123801184
42.400000000000006,-0.03339805429866525,0.28794707385273804
42.45,-0.050361867544241136,0.3072246125933982
42.5,-0.06578351594931012,0.3247496478121802
42.550000000000004,-0.07980319631755466,0.3406814980110729
42.6,-0.09254836028868606,0.35516499819188446
42.650000000000006,-0.1041348729897146,0.3683318165380768
42.7,-0.114668066354286,0.3803016513982516
42.75,-0.12424369668571456,0.39118331945295604
42.800000000000004,-0.13294881516883142,0.40107574495723275
42.85,-0.1408625592443922,0.4100688590520298
42.900000000000006,-0.14805687204035656,0.4182444173200271
42.95,-0.15459715640032415,0.42567674301820646
43.0,-0.16054286945484014,0.4324334027438241
43.050000000000004,-0.16594806314076377,0.4385758206762037
43.1,-0.1708618755825125,0.44415983697836703
43.150000000000006,-0.1753289778022841,0.4492362154348791
43.2,-0.17938997982025828,0.4538511049407992
43.25,-0.18308179983659845,0.4580464590370902
43.300000000000004,-0.18643799985145312,0.4618604173064456
43.35,-0.1894890907740483,0.46532765209676874
43.400000000000006,-0.19226280979458937,0.46847968372433524
43.45,-0.1947843725405358,0.4713451670221229
43.5,-0.197076702309578,0.4739501518382936
43.550000000000004,-0.19916063846325271,0.47631831985299417
43.6,-0.20105512587568428,0.47847119986635833
43.650000000000006,-0.20277738715971297,0.4804283635148712
43.7,-0.2043430792361027,0.48220760319533745
43.75,-0.2057664356691843,0.4838250938139431
43.800000000000004,-0.2070603960628948,0.4852955398308574
43.85,-0.20823672369354074,0.4866323089371431
43.900000000000006,-0.2093061124486734,0.487847553579221
43.95,-0.21027828404424853,0.4889523214356554
44.0,-0.2111620764038623,0.48995665585059583
44.050000000000004,-0.21196552400351118,0.4908696871369053
44.1,-0.2126959309122829,0.4916997155790048
44.150000000000006,-0.21335993719298446,0.49245428689000437
44.2,-0.2139635792663495,0.4931402608090949
44.25,-0.21451234478759046,0.49376387346281353
44.300000000000004,-0.21501122253417315,0.49433079405710323
44.35,-0.21546474775833924,0.4948461764155484
44.400000000000006,-0.21587704341667202,0.49531470583231674
44.45,-0.21625185765152002,0.4957406416657425
44.5,-0.2165925978650182,0.4961278560597659
44.550000000000004,-0.21690236169547109,0.4964798691452417
44.6,-0.217183965177701,0.4967998810411288
44.650000000000006,-0.21743996834336454,0.4970908009464807
44.7,-0.21767269849396775,0.49735527358770976
44.75,-0.2178842713581525,0.49759570326155433
44.800000000000004,-0.21807661032559317,0.4978142756923221
44.85,-0.21825146393235742,0.498012977902111
44.900000000000006,-0.21841042175668857,0.49819361627464637
44.95,-0.2185549288697169,0.49835783297695124
45.0,-0.2186862989724699,0.4985071208881375
45.050000000000004,-0.218805726338609,0.4986428371710341
45.1,-0.21891429667146273,0.498766215610031
45.150000000000006,-0.21901299697405702,0.4988783778273009
45.2,-0.21910272452187002,0.49898034347936443
45.25,-0.21918429501988185,0.49907303952669496
45.300000000000004,-0.2192584500180744,0.4991573086606318
45.35,-0.2193258636527949,0.4992339169642107
45.400000000000006,-0.2193871487752681,0.4993035608765552
45.45,-0.21944286252297102,0.4993668735241411
45.5,-0.2194935113845191,0.49942443047649193
45.550000000000004,-0.21953955580410828,0.49947675497862903
45.6,-0.21958141436737116,0.4995243227078446
45.650000000000006,-0.21961946760670106,0.49956756609804054
45.7,-0.21965406146063732,0.49960687827094596
45.75,-0.2196855104187612,0.49964261660995085
45.800000000000004,-0.219714100380692,0.49967510600904624
45.85,-0.21974009125517455,0.49970464182640567
45.900000000000006,-0.21976371932288596,0.4997314925694597
45.95,-0.2197851993844418,0.49975590233587247
46.0,-0.2198047267131289,0.49977809303261134
46.050000000000004,-0.21982247883011719,0.499798266393283
46.1,-0.21983861711828834,0.4998166058120755
46.150000000000006,-0.21985328828935302,0.4998332780109777
46.2,-0.21986662571759366,0.49984843455543426
46.25,-0.21987875065235787,0.49986221323221297
46.300000000000004,-0.21988977332032533,0.4998747393020118
46.35,-0.21989979392756848,0.49988612663819254
46.400000000000006,-0.2199089035705168,0.4998964787619932
46.45,-0.21991718506410618,0.4999058897836302
46.5,-0.21992471369464198,0.4999144452578456
46.550000000000004,-0.21993155790421998,0.4999222229616778
46.6,-0.21993777991292726,0.49992929360152527
46.650000000000006,-0.21994343628447932,0.49993572145593207
46.7,-0.21994857844043575,0.49994156495993824
46.75,-0.21995325312766886,0.4999468772363075
46.800000000000004,-0.21995750284333532,0.49995170657846133
46.85,-0.21996136622121393,0.4999560968895103
46.900000000000006,-0.21996487838292175,0.499960088081373
46.95,-0.21996807125720158,0.4999637164376118
47.0,-0.21997097387018325,0.49996701494328344
47.050000000000004,-0.2199736126092575,0.49997001358480314
47.1,-0.21997601146296136,0.4999727396225483
47.150000000000006,-0.2199781922390558,0.49997521783868026
47.2,-0.21998017476277798,0.4999774707624366
47.25,-0.2199819770570709,0.49997951887494235
47.300000000000004,-0.2199836155064281,0.49998138079540216
47.35,-0.21998510500584373,0.4999830734503656
47.400000000000006,-0.21998645909622158,0.4999846122276051
47.45,-0.21998769008747415,0.49998601111600466
47.5,-0.21998880917043104,0.4999872828327315
47.550000000000004,-0.21998982651857368,0.49998843893884687
47.6,-0.21999075138052154,0.49998948994440623
47.650000000000006,-0.2199915921641105,0.49999044540400567
47.7,-0.21999235651282772,0.4999913140036415
47.75,-0.21999305137529793,0.4999921036396741
47.800000000000004,-0.21999368306845266,0.4999928214906128
47.85,-0.21999425733495695,0.49999347408237527
47.900000000000006,-0.2199947793954154,0.49999406734761387
47.95,-0.21999525399583217,0.49999460667964896
48.0,-0.19454113999621106,0.40908600607240814
48.050000000000004,-0.17140103636019188,0.3264418237021892
48.1,-0.15036457850926535,0.251310748820172
48.150000000000006,-0.13124052591751395,0.18300977165470184
48.2,-0.11385502356137632,0.12091797423154713
48.25,-0.09805002141943302,0.06447088566504283
48.300000000000004,-0.08368183765403002,0.013155350604584386
48.35,-0.07061985241275456,-0.0334951358140142
48.400000000000006,-0.05874532037523142,-0.07590466892183109
48.45,-0.04795029125021038,-0.11445878992893735
48.5,-0.03813662840928216,-0.14950799084448851
48.550000000000004,-0.029215116735711054,-0.18137090076771684
48.6,-0.021104651577919138,-0.21033718251610622
48.650000000000006,-0.013731501434471945,-0.23667016592373294
48.7,-0.007028637667701769,-0.26060924174884814
48.75,-0.0009351251524561529,-0.2823720379534983
48.800000000000004,0.004604431679585316,-0.3021563981395439
48.85,0.00964039243598665,-0.32014218012685813
48.900000000000006,0.014218538578169682,-0.3364928910244165
48.95,0.018380489616517892,-0.35135717365856045
49.0,0.02216408146956172,-0.3648701578714186
49.050000000000004,0.02560371042687429,-0.3771546889740169
49.1,0.028730645842612992,-0.3883224445218335
49.150000000000006,0.03157331440237545,-0.3984749495653032
49.2,0.03415755854761405,-0.4077044996048211
49.25,0.03650687140692186,-0.4160949996407464
49.300000000000004,0.03864261036992896,-0.4237227269461331
49.35,0.040584191245389964,-0.43065702449648463
49.400000000000006,0.04234926476853633,-0.43696093136044056
49.45,0.04395387706230575,-0.4426917557822187
49.5,0.04541261551118705,-0.44790159616565334
49.550000000000004,0.04673874137380641,-0.45263781469604847
49.6,0.047944310339824006,-0.4569434679054986
49.650000000000006,0.049040282127112735,-0.4608576980959078
49.7,0.05003662011555703,-0.464416089178098
49.75,0.050942381923233665,-0.4676509901619073
49.800000000000004,0.05176580174839424,-0.47059180923809757
49.85,0.052514365225812945,-0.4732652811255432
49.900000000000006,0.05319487747801177,-0.4756957101141302
49.95,0.0538135249800107,-0.4779051910128456
50.0,0.05437593180000973,-0.4799138100116778
50.050000000000004,0.05488721072728157,-0.48173982728334347
50.1,0.055352009752074154,-0.4833998429848577
50.150000000000006,0.055774554320067414,-0.48490894816805247
50.2,0.05615868574551583,-0.48628086197095677
50.25,0.05650789613228712,-0.48752805633723345
50.300000000000004,0.05682536012026102,-0.48866186939748496
50.35,0.05711396374569184,-0.48969260854316815
50.400000000000006,0.05737633067790167,-0.49062964413015286
50.45,0.0576148460708197,-0.49148149466377533
50.5,0.05783167824619973,-0.49225590423979576
50.550000000000004,0.05802879840563612,-0.49295991294526886
50.6,0.058207998550578295,-0.49359992085933535
50.650000000000006,0.058370907773252996,-0.4941817462357594
50.7,0.05851900706659363,-0.4947106783961449
50.75,0.05865364278781239,-0.4951915258146772
50.800000000000004,0.058776038898011265,-0.4956286598315247
50.85,0.05888730808910115,-0.4960260543922952
50.900000000000006,0.058988461899182866,-0.4963873221748138
50.95,0.05908041990834806,-0.4967157474316489
51.0,0.059164018098498236,-0.49701431584695355
51.050000000000004,0.059240016453180215,-0.49728574167904865
51.1,0.05930910586652747,-0.4975324924354988
51.150000000000006,0.05937191442411588,-0.4977568113049989
51.2,0.059429013112832614,-0.497960737549999
51.25,0.059480921011666014,-0.49814612504545364
51.300000000000004,0.05952811001060547,-0.49831465913223055
51.35,0.05957100910055043,-0.4984678719383914
51.400000000000006,0.05961000827322766,-0.4986071563076286
51.45,0.0596454620665706,-0.49873377846148054
51.5,0.059677692787791455,-0.4988488895104369
51.550000000000004,0.05970699344344678,-0.498953535918579
51.6,0.05973363040313343,-0.49904866901689
51.650000000000006,0.05975784582103039,-0.4991351536517182
51.7,0.05977985983730036,-0.4992137760470165
51.75,0.059799872579363963,-0.4992852509518332
51.800000000000004,0.05981806598123997,-0.49935022813803015
51.85,0.05983460543749088,-0.49940929830730013
51.900000000000006,0.05984964130680989,-0.4994629984611819
51.95,0.059863310278918086,-0.49951181678289264
52.0,0.05987573661719826,-0.4995561970753569
52.050000000000004,0.05988703328836205,-0.49959654279577903
52.1,0.059897302989420045,-0.49963322072343547
52.150000000000006,0.05990663908129095,-0.4996665642940322
52.2,0.05991512643753723,-0.49969687663093837
52.25,0.059922842215942934,-0.4997244333008531
52.300000000000004,0.05992985655994812,-0.49974948481895737
52.35,0.05993623323631647,-0.4997722589263249
52.400000000000006,0.05994203021483316,-0.4997929626602953
52.45,0.05994730019530287,-0.49981178423663214
52.5,0.05995209108663897,-0.4998288947605747
52.550000000000004,0.059956446442399065,-0.4998444497823406
52.6,0.05996040585672642,-0.49985859071121874
52.650000000000006,0.05996400532429674,-0.49987144610110795
52.7,0.05996727756754249,-0.49988313281918906
52.75,0.05997025233412954,-0.4998937571083537
52.800000000000004,0.05997295666739049,-0.49990341555304885
52.85,0.059975415152173174,-0.4999121959573171
52.900000000000006,0.05997765013833925,-0.49992017814301554
52.95,0.05997968194394477,-0.4999274346754687
53.0,0.05998152903994979,-0.49993403152315335
53.050000000000004,0.05998320821813617,-0.49994002865741216
53.1,0.059984734743760156,-0.49994548059764743
53.150000000000006,0.059986122494327415,-0.49995043690695223
53.2,0.059987384085752195,-0.49995494264268386
53.25,0.05998853098704745,-0.4999590387660762
53.300000000000004,0.05998957362458859,-0.49996276251461474
53.35,0.05999052147689871,-0.49996614774055886
53.400000000000006,0.059991383160817015,-0.49996922521868986
53.45,0.05999216650983365,-0.49997202292608167
53.5,0.05999287864530332,-0.4999745662964379
53.550000000000004,0.05999352604118483,-0.49997687845130717
53.6,0.0599941145828953,-0.4999789804102793
53.650000000000006,0.05999464962081391,-0.49998089128207207
53.7,0.05999513601892174,-0.4999826284382473
53.75,0.05999557819901976,-0.49998420767113394
53.800000000000004,0.059995980180927055,-0.4999856433373945
53.85,0.059996345619024595,-0.4999869484885404
53.900000000000006,0.0599966778354769,-0.4999881349895822
53.95,0.05999697985043355,-0.4999892136268929
54.0,0.05454270895493959,-0.4545356487517208
54.050000000000004,0.0495842808681269,-0.413214226137928
54.1,0.045076618971024454,-0.37564929648902545
54.150000000000006,0.04097874451911314,-0.3414993604445686
54.2,0.03725340410828467,-0.3104539640405169
54.25,0.03386673100753152,-0.2822308764004699
54.300000000000004,0.030787937279574108,-0.25657352400042716
54.35,0.027989033890521917,-0.2332486581822065
54.400000000000006,0.025444576264110834,-0.21204423471109682
54.45,0.023131432967373484,-0.19276748610099712
54.5,0.021028575424884986,-0.17524316918272465
54.550000000000004,0.01911688674989544,-0.15931197198429514
54.6,0.0173789879544504,-0.1448290654402683
54.650000000000006,0.015799079958591273,-0.13166278676388027
54.7,0.014362799962355703,-0.11969344251261843
54.75,0.01305709087486882,-0.10881222046601675
54.800000000000004,0.01187008261351711,-0.0989202004236516
54.85,0.010790984194106464,-0.08992745493059236
54.900000000000006,0.009809985631005876,-0.08175223175508396
54.95,0.008918168755459888,-0.07432021068643996
55.0,0.008107426141327171,-0.0675638278967636
55.050000000000004,0.007370387401206519,-0.06142166172433054
55.1,0.006700352182915018,-0.05583787429484595
55.150000000000006,0.006091229257195471,-0.05076170390440541
55.2,0.005537481142904973,-0.04614700354945946
55.25,0.005034073766277248,-0.041951821408599516
55.300000000000004,0.00457643069661568,-0.0381380194623632
55.35,0.004160391542377891,-0.03467092678396654
55.400000000000006,0.0037821741294344464,-0.031519024349060495
55.45,0.0034383401176676784,-0.028653658499145904
55.5,0.003125763743334253,-0.026048780453769002
55.550000000000004,0.0028416034030311387,-0.023680709503426364
55.6,0.0025832758209373987,-0.021527917730387605
55.650000000000006,0.002348432564488544,-0.01957083430035237
55.7,0.0021349386949895857,-0.01779166754577488
55.75,0.0019408533590814414,-0.01617424322343171
55.800000000000004,0.001764412144619492,-0.014703857475847008
55.85,0.0016040110405631746,-0.013367143159860916
55.900000000000006,0.0014581918550574315,-0.012151948327146287
55.95,0.0013256289591431197,-0.011047225751951169
56.0,0.0012051172355846541,-0.01004293250177379
56.050000000000004,0.0010955611232587766,-0.009129938637976173
56.1,0.0009959646575079786,-0.008299944216341976
56.150000000000006,0.0009054224159163442,-0.007545403833038159
56.2,0.0008231112871966766,-0.006859458030034691
56.25,0.000748282988360615,-0.006235870936395173
56.300000000000004,0.0006802572621460136,-0.0056689735785410665
56.35,0.0006184156928600124,-0.0051536123441282425
56.400000000000006,0.0005621960844181931,-0.004685102131025675
56.45,0.0005110873494710846,-0.004259183755477886
56.5,0.00046462486315553144,-0.0038719852322526235
56.550000000000004,0.0004223862392323013,-0.003519986574775112
56.6,0.000383987490211183,-0.003199987795250102
56.650000000000006,0.00034907953655562087,-0.002909079813863729
56.7,0.0003173450332323826,-0.00264461801260339
56.75,0.00028849548475671144,-0.002404198193275809
56.800000000000004,0.0002622686225061013,-0.0021856347211598264
56.85,0.00023842602046009211,-0.001986940655599842
56.900000000000006,0.00021675092769099283,-0.0018063096869089473
56.95,0.00019704629790090258,-0.0016420997153717702
57.0,0.0001791329980917296,-0.0014928179230652456
57.050000000000004,0.00016284818008339055,-0.0013571072027865868
57.1,0.00014804380007580958,-0.001233733820715079
57.150000000000006,0.00013458527279619053,-0.0011215762006500716
57.2,0.00012235024799653685,-0.0010196147278637015
57.25,0.00011122749817866986,-0.0009269224798760923
57.300000000000004,0.00010111590743515443,-0.0008426567998873565
57.35,9.192355221377675e-05,-0.0007660516362612332
57.400000000000006,8.356686564888794e-05,-0.0006964105784193029
57.45,7.59698778626254e-05,-0.0006331005258357299
57.5,6.906352532965945e-05,-0.0005755459325779363
57.550000000000004,6.278502302696314e-05,-0.0005232235750708513
57.6,5.707729366087558e-05,-0.00047565779551895566
57.650000000000006,5.188844878261416e-05,-0.0004324161777445051
57.7,4.717131707510378e-05,-0.0003931056161313683
57.75,4.288301552282162e-05,-0.00035736874193760754
57.800000000000004,3.898455956620147e-05,-0.0003248806744887341
57.85,3.544050869654679e-05,-0.000295346067717031
57.900000000000006,3.221864426958799e-05,-0.00026849642519730094
57.95,2.9289676608716358e-05,-0.00024408765927027358
58.0,2.6626978735196688e-05,-0.00022189787206388506
58.050000000000004,2.4206344304724263e-05,-0.0002017253382398955
58.1,2.2005767549749328e-05,-0.0001833866711271777
58.150000000000006,2.0005243227044844e-05,-0.00016671515557016155
58.2,1.818658475185895e-05,-0.0001515592323365105
58.25,1.6533258865326316e-05,-0.00013778112030591864
58.300000000000004,1.5030235332114832e-05,-0.0001252555639144715
58.35,1.3663850301922575e-05,-0.00011386869446770135
58.400000000000006,1.2421682092656886e-05,-0.0001035169949706376
58.45,1.1292438266051715e-05,-9.410635906421599e-05
58.5,1.0265852969137922e-05,-8.555123551292362e-05
58.550000000000004,9.332593608307201e-06,-7.77738504662942e-05
58.6,8.484176007552e-06,-7.070350042390382e-05
58.650000000000006,7.712887279592728e-06,-6.42759094762762e-05
58.7,7.0117157087206615e-06,-5.8432644978432905e-05
58.75,6.374287007927874e-06,-5.3120586344029915e-05
58.800000000000004,5.794806370843522e-06,-4.829144213093629e-05
58.85,5.268005791675929e-06,-4.3901311028123895e-05
58.900000000000006,4.789096174250844e-06,-3.99102827528399e-05
58.95,4.3537237947734944e-06,-3.628207522985445e-05
59.0,3.957930722521358e-06,-3.298370475441314e-05
59.050000000000004,3.59811883865578e-06,-2.998518614037558e-05
59.1,3.271017126050709e-06,-2.7259260127614162e-05
59.150000000000006,2.9736519327733717e-06,-2.478114557055833e-05
59.2,2.703319938884883e-06,-2.2528314155053027e-05
59.25,2.4575635808044395e-06,-2.0480285595502753e-05
59.300000000000004,2.2341487098222177e-06,-1.8618441450457048e-05
59.35,2.0310442816565616e-06,-1.6925855864051862e-05
59.400000000000006,1.846403892415056e-06,-1.5387141694592603e-05
59.45,1.6785489931045963e-06,-1.3988310631447821e-05
59.5,1.5259536300950875e-06,-1.2716646028588928e-05
59.550000000000004,1.387230572813716e-06,-1.1560587298717208e-05
59.6,1.2611187025579236e-06,-1.0509624817015644e-05
59.650000000000006,1.1464715477799305e-06,-9.55420437910513e-06
59.7,1.0422468616181187e-06,-8.685640344641028e-06
59.75,9.474971469255625e-07,-7.896036676946389e-06
59.800000000000004,8.613610426596023e-07,-7.1782151608603535e-06
59.85,7.830554933269112e-07,-6.525650146236685e-06
59.900000000000006,7.118686302971919e-07,-5.932409223851532e-06
59.95,6.471533002701744e-07,-5.3930992944104835e-06
60.0,5.883211820637949e-07,-4.902817540373167e-06
